group_a,energy_a_MeV,group_b,energy_b_MeV,sigma_a_to_b,sigma_b_to_a,absolute_difference,asymmetry,geometric_strength
1,16.0,2,14.25,0.3956412,0.0,0.3956412,1.0,0.0
1,16.0,3,12.75,0.1671614,0.0,0.1671614,1.0,0.0
1,16.0,4,11.0,0.16173442999999998,0.0,0.16173442999999998,1.0,0.0
1,16.0,5,8.895,0.2592624,0.0,0.2592624,1.0,0.0
1,16.0,6,6.93,0.1967873,0.0,0.1967873,1.0,0.0
1,16.0,7,4.875,0.319133,0.0,0.319133,1.0,0.0
1,16.0,8,3.2725,0.1451751,0.0,0.1451751,1.0,0.0
1,16.0,9,2.5485,0.1100914,0.0,0.1100914,1.0,0.0
1,16.0,10,1.985,0.07684969999999999,0.0,0.07684969999999999,1.0,0.0
1,16.0,11,1.5455,0.059101299999999996,0.0,0.059101299999999996,1.0,0.0
1,16.0,12,1.088,0.083355,0.0,0.083355,1.0,0.0
1,16.0,13,0.6615,0.0470767,0.0,0.0470767,1.0,0.0
1,16.0,14,0.4015,0.02517656,0.0,0.02517656,1.0,0.0
1,16.0,15,0.2435,0.01356941,0.0,0.01356941,1.0,0.0
1,16.0,16,0.1258,0.01173765,0.0,0.01173765,1.0,0.0
1,16.0,17,0.0462,0.003920049,0.0,0.003920049,1.0,0.0
1,16.0,18,0.01696,0.0013782134,0.0,0.0013782134,1.0,0.0
1,16.0,19,0.006235,0.0004960143,0.0,0.0004960143,1.0,0.0
1,16.0,20,0.0022925,0.000178158,0.0,0.000178158,1.0,0.0
1,16.0,21,0.0008445,6.57898e-05,0.0,6.57898e-05,1.0,0.0
1,16.0,22,0.0003105,2.41766e-05,0.0,2.41766e-05,1.0,0.0
1,16.0,23,0.0001142,1.383992e-05,0.0,1.383992e-05,1.0,0.0
2,14.25,3,12.75,0.4149602,0.0,0.4149602,1.0,0.0
2,14.25,4,11.0,0.2527752,0.0,0.2527752,1.0,0.0
2,14.25,5,8.895,0.22846919999999998,0.0,0.22846919999999998,1.0,0.0
2,14.25,6,6.93,0.29376420000000003,0.0,0.29376420000000003,1.0,0.0
2,14.25,7,4.875,0.354688,0.0,0.354688,1.0,0.0
2,14.25,8,3.2725,0.1536026,0.0,0.1536026,1.0,0.0
2,14.25,9,2.5485,0.1239365,0.0,0.1239365,1.0,0.0
2,14.25,10,1.985,0.0945504,0.0,0.0945504,1.0,0.0
2,14.25,11,1.5455,0.06612509999999999,0.0,0.06612509999999999,1.0,0.0
2,14.25,12,1.088,0.06764250000000001,0.0,0.06764250000000001,1.0,0.0
2,14.25,13,0.6615,0.03543984,0.0,0.03543984,1.0,0.0
2,14.25,14,0.4015,0.02180816,0.0,0.02180816,1.0,0.0
2,14.25,15,0.2435,0.013225961999999999,0.0,0.013225961999999999,1.0,0.0
2,14.25,16,0.1258,0.012781344,0.0,0.012781344,1.0,0.0
2,14.25,17,0.0462,0.004587405,0.0,0.004587405,1.0,0.0
2,14.25,18,0.01696,0.0016565096,0.0,0.0016565096,1.0,0.0
2,14.25,19,0.006235,0.00060489866,0.0,0.00060489866,1.0,0.0
2,14.25,20,0.0022925,0.000219726,0.0,0.000219726,1.0,0.0
2,14.25,21,0.0008445,8.11392e-05,0.0,8.11392e-05,1.0,0.0
2,14.25,22,0.0003105,2.98172e-05,0.0,2.98172e-05,1.0,0.0
2,14.25,23,0.0001142,1.709848e-05,0.0,1.709848e-05,1.0,0.0
3,12.75,4,11.0,0.5245340000000001,0.0,0.5245340000000001,1.0,0.0
3,12.75,5,8.895,0.2746903,0.0,0.2746903,1.0,0.0
3,12.75,6,6.93,0.2535246,0.0,0.2535246,1.0,0.0
3,12.75,7,4.875,0.43794999999999995,0.0,0.43794999999999995,1.0,0.0
3,12.75,8,3.2725,0.1407542,0.0,0.1407542,1.0,0.0
3,12.75,9,2.5485,0.1262498,0.0,0.1262498,1.0,0.0
3,12.75,10,1.985,0.0931707,0.0,0.0931707,1.0,0.0
3,12.75,11,1.5455,0.0633906,0.0,0.0633906,1.0,0.0
3,12.75,12,1.088,0.0793934,0.0,0.0793934,1.0,0.0
3,12.75,13,0.6615,0.0439588,0.0,0.0439588,1.0,0.0
3,12.75,14,0.4015,0.0250692,0.0,0.0250692,1.0,0.0
3,12.75,15,0.2435,0.014795779,0.0,0.014795779,1.0,0.0
3,12.75,16,0.1258,0.01430537,0.0,0.01430537,1.0,0.0
3,12.75,17,0.0462,0.0052296573,0.0,0.0052296573,1.0,0.0
3,12.75,18,0.01696,0.001909696,0.0,0.001909696,1.0,0.0
3,12.75,19,0.006235,0.000702854,0.0,0.000702854,1.0,0.0
3,12.75,20,0.0022925,0.000257648,0.0,0.000257648,1.0,0.0
3,12.75,21,0.0008445,9.5143e-05,0.0,9.5143e-05,1.0,0.0
3,12.75,22,0.0003105,3.49632e-05,0.0,3.49632e-05,1.0,0.0
3,12.75,23,0.0001142,2.0074e-05,0.0,2.0074e-05,1.0,0.0
4,11.0,5,8.895,0.720753,0.0,0.720753,1.0,0.0
4,11.0,6,6.93,0.2692897519,0.0,0.2692897519,1.0,0.0
4,11.0,7,4.875,0.516506,0.0,0.516506,1.0,0.0
4,11.0,8,3.2725,0.1972254,0.0,0.1972254,1.0,0.0
4,11.0,9,2.5485,0.1317679,0.0,0.1317679,1.0,0.0
4,11.0,10,1.985,0.09616469999999999,0.0,0.09616469999999999,1.0,0.0
4,11.0,11,1.5455,0.0743765,0.0,0.0743765,1.0,0.0
4,11.0,12,1.088,0.10151639999999999,0.0,0.10151639999999999,1.0,0.0
4,11.0,13,0.6615,0.05807247,0.0,0.05807247,1.0,0.0
4,11.0,14,0.4015,0.033592449999999996,0.0,0.033592449999999996,1.0,0.0
4,11.0,15,0.2435,0.019834246,0.0,0.019834246,1.0,0.0
4,11.0,16,0.1258,0.019274521,0.0,0.019274521,1.0,0.0
4,11.0,17,0.0462,0.007053941100000001,0.0,0.007053941100000001,1.0,0.0
4,11.0,18,0.01696,0.00257890054,0.0,0.00257890054,1.0,0.0
4,11.0,19,0.006235,0.000947774,0.0,0.000947774,1.0,0.0
4,11.0,20,0.0022925,0.000347426,0.0,0.000347426,1.0,0.0
4,11.0,21,0.0008445,0.0001282954,0.0,0.0001282954,1.0,0.0
4,11.0,22,0.0003105,4.7146e-05,0.0,4.7146e-05,1.0,0.0
4,11.0,23,0.0001142,1.777286e-05,0.0,1.777286e-05,1.0,0.0
4,11.0,24,4.2e-05,9.35e-06,0.0,9.35e-06,1.0,0.0
5,8.895,6,6.93,0.8064899999999999,0.0,0.8064899999999999,1.0,0.0
5,8.895,7,4.875,0.587012022,0.0,0.587012022,1.0,0.0
5,8.895,8,3.2725,0.2196354,0.0,0.2196354,1.0,0.0
5,8.895,9,2.5485,0.20511200000000002,0.0,0.20511200000000002,1.0,0.0
5,8.895,10,1.985,0.1880241,0.0,0.1880241,1.0,0.0
5,8.895,11,1.5455,0.152627,0.0,0.152627,1.0,0.0
5,8.895,12,1.088,0.175571,0.0,0.175571,1.0,0.0
5,8.895,13,0.6615,0.09121014,0.0,0.09121014,1.0,0.0
5,8.895,14,0.4015,0.05452949,0.0,0.05452949,1.0,0.0
5,8.895,15,0.2435,0.0313499,0.0,0.0313499,1.0,0.0
5,8.895,16,0.1258,0.029776992999999998,0.0,0.029776992999999998,1.0,0.0
5,8.895,17,0.0462,0.01084903208,0.0,0.01084903208,1.0,0.0
5,8.895,18,0.01696,0.00397262,0.0,0.00397262,1.0,0.0
5,8.895,19,0.006235,0.00146201,0.0,0.00146201,1.0,0.0
5,8.895,20,0.0022925,0.000535922,0.0,0.000535922,1.0,0.0
5,8.895,21,0.0008445,0.000197901,0.0,0.000197901,1.0,0.0
5,8.895,22,0.0003105,7.27246e-05,0.0,7.27246e-05,1.0,0.0
5,8.895,23,0.0001142,2.67586e-05,0.0,2.67586e-05,1.0,0.0
5,8.895,24,4.2e-05,1.518082e-05,0.0,1.518082e-05,1.0,0.0
6,6.93,7,4.875,1.331161,0.0,1.331161,1.0,0.0
6,6.93,8,3.2725,0.31492,0.0,0.31492,1.0,0.0
6,6.93,9,2.5485,0.24564,0.0,0.24564,1.0,0.0
6,6.93,10,1.985,0.1923484,0.0,0.1923484,1.0,0.0
6,6.93,11,1.5455,0.15161764,0.0,0.15161764,1.0,0.0
6,6.93,12,1.088,0.23895349999999999,0.0,0.23895349999999999,1.0,0.0
6,6.93,13,0.6615,0.153975,0.0,0.153975,1.0,0.0
6,6.93,14,0.4015,0.0898545,0.0,0.0898545,1.0,0.0
6,6.93,15,0.2435,0.05185217,0.0,0.05185217,1.0,0.0
6,6.93,16,0.1258,0.0479146,0.0,0.0479146,1.0,0.0
6,6.93,17,0.0462,0.017041645,0.0,0.017041645,1.0,0.0
6,6.93,18,0.01696,0.0062063561,0.0,0.0062063561,1.0,0.0
6,6.93,19,0.006235,0.0022792499699999997,0.0,0.0022792499699999997,1.0,0.0
6,6.93,20,0.0022925,0.000835012,0.0,0.000835012,1.0,0.0
6,6.93,21,0.0008445,0.000308346,0.0,0.000308346,1.0,0.0
6,6.93,22,0.0003105,0.0001133106,0.0,0.0001133106,1.0,0.0
6,6.93,23,0.0001142,4.1692e-05,0.0,4.1692e-05,1.0,0.0
6,6.93,24,4.2e-05,2.37822e-05,0.0,2.37822e-05,1.0,0.0
7,4.875,8,3.2725,1.2122410000000001,0.0,1.2122410000000001,1.0,0.0
7,4.875,9,2.5485,0.5056335207,0.0,0.5056335207,1.0,0.0
7,4.875,10,1.985,0.396072,0.0,0.396072,1.0,0.0
7,4.875,11,1.5455,0.309566,0.0,0.309566,1.0,0.0
7,4.875,12,1.088,0.427432,0.0,0.427432,1.0,0.0
7,4.875,13,0.6615,0.261238,0.0,0.261238,1.0,0.0
7,4.875,14,0.4015,0.159615,0.0,0.159615,1.0,0.0
7,4.875,15,0.2435,0.0965216,0.0,0.0965216,1.0,0.0
7,4.875,16,0.1258,0.0944886,0.0,0.0944886,1.0,0.0
7,4.875,17,0.0462,0.034762,0.0,0.034762,1.0,0.0
7,4.875,18,0.01696,0.01273782,0.0,0.01273782,1.0,0.0
7,4.875,19,0.006235,0.00468768,0.0,0.00468768,1.0,0.0
7,4.875,20,0.0022925,0.001718318,0.0,0.001718318,1.0,0.0
7,4.875,21,0.0008445,0.000634524,0.0,0.000634524,1.0,0.0
7,4.875,22,0.0003105,0.000233174,0.0,0.000233174,1.0,0.0
7,4.875,23,0.0001142,8.57954e-05,0.0,8.57954e-05,1.0,0.0
7,4.875,24,4.2e-05,3.91154e-05,0.0,3.91154e-05,1.0,0.0
7,4.875,25,1.546e-05,1.015196e-05,0.0,1.015196e-05,1.0,0.0
8,3.2725,9,2.5485,1.6669770000000002,0.0,1.6669770000000002,1.0,0.0
8,3.2725,10,1.985,0.6770508805,0.0,0.6770508805,1.0,0.0
8,3.2725,11,1.5455,0.529278,0.0,0.529278,1.0,0.0
8,3.2725,12,1.088,0.73092,0.0,0.73092,1.0,0.0
8,3.2725,13,0.6615,0.446752,0.0,0.446752,1.0,0.0
8,3.2725,14,0.4015,0.272968,0.0,0.272968,1.0,0.0
8,3.2725,15,0.2435,0.1650694,0.0,0.1650694,1.0,0.0
8,3.2725,16,0.1258,0.161593,0.0,0.161593,1.0,0.0
8,3.2725,17,0.0462,0.0594492,0.0,0.0594492,1.0,0.0
8,3.2725,18,0.01696,0.0217838,0.0,0.0217838,1.0,0.0
8,3.2725,19,0.006235,0.00801668,0.0,0.00801668,1.0,0.0
8,3.2725,20,0.0022925,0.0029386,0.0,0.0029386,1.0,0.0
8,3.2725,21,0.0008445,0.001085138,0.0,0.001085138,1.0,0.0
8,3.2725,22,0.0003105,0.000398766,0.0,0.000398766,1.0,0.0
8,3.2725,23,0.0001142,0.0001467234,0.0,0.0001467234,1.0,0.0
8,3.2725,24,4.2e-05,5.39098e-05,0.0,5.39098e-05,1.0,0.0
8,3.2725,25,1.546e-05,3.06346e-05,0.0,3.06346e-05,1.0,0.0
9,2.5485,10,1.985,1.3439860000000001,0.0,1.3439860000000001,1.0,0.0
9,2.5485,11,1.5455,0.787868231,0.0,0.787868231,1.0,0.0
9,2.5485,12,1.088,1.088156,0.0,1.088156,1.0,0.0
9,2.5485,13,0.6615,0.66521,0.0,0.66521,1.0,0.0
9,2.5485,14,0.4015,0.406484,0.0,0.406484,1.0,0.0
9,2.5485,15,0.2435,0.245824,0.0,0.245824,1.0,0.0
9,2.5485,16,0.1258,0.240656,0.0,0.240656,1.0,0.0
9,2.5485,17,0.0462,0.0885376,0.0,0.0885376,1.0,0.0
9,2.5485,18,0.01696,0.0324426,0.0,0.0324426,1.0,0.0
9,2.5485,19,0.006235,0.01193924,0.0,0.01193924,1.0,0.0
9,2.5485,20,0.0022925,0.00437646,0.0,0.00437646,1.0,0.0
9,2.5485,21,0.0008445,0.001616096,0.0,0.001616096,1.0,0.0
9,2.5485,22,0.0003105,0.000593882,0.0,0.000593882,1.0,0.0
9,2.5485,23,0.0001142,0.000218516,0.0,0.000218516,1.0,0.0
9,2.5485,24,4.2e-05,8.0288e-05,0.0,8.0288e-05,1.0,0.0
9,2.5485,25,1.546e-05,4.58752e-05,0.0,4.58752e-05,1.0,0.0
10,1.985,11,1.5455,2.036065,0.0,2.036065,1.0,0.0
10,1.985,12,1.088,1.6031338812,0.0,1.6031338812,1.0,0.0
10,1.985,13,0.6615,0.980192,0.0,0.980192,1.0,0.0
10,1.985,14,0.4015,0.599018,0.0,0.599018,1.0,0.0
10,1.985,15,0.2435,0.36228,0.0,0.36228,1.0,0.0
10,1.985,16,0.1258,0.354682,0.0,0.354682,1.0,0.0
10,1.985,17,0.0462,0.1304932,0.0,0.1304932,1.0,0.0
10,1.985,18,0.01696,0.0478172,0.0,0.0478172,1.0,0.0
10,1.985,19,0.006235,0.01759736,0.0,0.01759736,1.0,0.0
10,1.985,20,0.0022925,0.00645052,0.0,0.00645052,1.0,0.0
10,1.985,21,0.0008445,0.00238198,0.0,0.00238198,1.0,0.0
10,1.985,22,0.0003105,0.000875332,0.0,0.000875332,1.0,0.0
10,1.985,23,0.0001142,0.000322074,0.0,0.000322074,1.0,0.0
10,1.985,24,4.2e-05,0.0001183376,0.0,0.0001183376,1.0,0.0
10,1.985,25,1.546e-05,6.79028e-05,0.0,6.79028e-05,1.0,0.0
11,1.5455,12,1.088,3.53102,0.0,3.53102,1.0,0.0
11,1.5455,13,0.6615,1.446548,0.0,1.446548,1.0,0.0
11,1.5455,14,0.4015,0.884104,0.0,0.884104,1.0,0.0
11,1.5455,15,0.2435,0.534724,0.0,0.534724,1.0,0.0
11,1.5455,16,0.1258,0.52353,0.0,0.52353,1.0,0.0
11,1.5455,17,0.0462,0.1926218,0.0,0.1926218,1.0,0.0
11,1.5455,18,0.01696,0.0705842,0.0,0.0705842,1.0,0.0
11,1.5455,19,0.006235,0.0259762,0.0,0.0259762,1.0,0.0
11,1.5455,20,0.0022925,0.00952188,0.0,0.00952188,1.0,0.0
11,1.5455,21,0.0008445,0.00351616,0.0,0.00351616,1.0,0.0
11,1.5455,22,0.0003105,0.001292114,0.0,0.001292114,1.0,0.0
11,1.5455,23,0.0001142,0.000475426,0.0,0.000475426,1.0,0.0
11,1.5455,24,4.2e-05,0.0001746834,0.0,0.0001746834,1.0,0.0
11,1.5455,25,1.546e-05,7.34114e-05,0.0,7.34114e-05,1.0,0.0
11,1.5455,26,5.69e-06,2.7158e-05,0.0,2.7158e-05,1.0,0.0
12,1.088,13,0.6615,3.73578,0.0,3.73578,1.0,0.0
12,1.088,14,0.4015,1.586332,0.0,1.586332,1.0,0.0
12,1.088,15,0.2435,0.959542,0.0,0.959542,1.0,0.0
12,1.088,16,0.1258,0.939528,0.0,0.939528,1.0,0.0
12,1.088,17,0.0462,0.345698,0.0,0.345698,1.0,0.0
12,1.088,18,0.01696,0.126679,0.0,0.126679,1.0,0.0
12,1.088,19,0.006235,0.0466202,0.0,0.0466202,1.0,0.0
12,1.088,20,0.0022925,0.01708928,0.0,0.01708928,1.0,0.0
12,1.088,21,0.0008445,0.0063106,0.0,0.0063106,1.0,0.0
12,1.088,22,0.0003105,0.00231902,0.0,0.00231902,1.0,0.0
12,1.088,23,0.0001142,0.000853268,0.0,0.000853268,1.0,0.0
12,1.088,24,4.2e-05,0.000313512,0.0,0.000313512,1.0,0.0
12,1.088,25,1.546e-05,0.0001153854,0.0,0.0001153854,1.0,0.0
12,1.088,26,5.69e-06,6.5788e-05,0.0,6.5788e-05,1.0,0.0
13,0.6615,14,0.4015,3.941414,0.0,3.941414,1.0,0.0
13,0.6615,15,0.2435,2.01654,0.0,2.01654,1.0,0.0
13,0.6615,16,0.1258,1.974512,0.0,1.974512,1.0,0.0
13,0.6615,17,0.0462,0.726592,0.0,0.726592,1.0,0.0
13,0.6615,18,0.01696,0.266252,0.0,0.266252,1.0,0.0
13,0.6615,19,0.006235,0.097986,0.0,0.097986,1.0,0.0
13,0.6615,20,0.0022925,0.0359186,0.0,0.0359186,1.0,0.0
13,0.6615,21,0.0008445,0.01326382,0.0,0.01326382,1.0,0.0
13,0.6615,22,0.0003105,0.0048742,0.0,0.0048742,1.0,0.0
13,0.6615,23,0.0001142,0.001793438,0.0,0.001793438,1.0,0.0
13,0.6615,24,4.2e-05,0.000658954,0.0,0.000658954,1.0,0.0
13,0.6615,25,1.546e-05,0.000242522,0.0,0.000242522,1.0,0.0
13,0.6615,26,5.69e-06,0.000119822,0.0,0.000119822,1.0,0.0
13,0.6615,27,2.095e-06,1.962032e-05,0.0,1.962032e-05,1.0,0.0
14,0.4015,15,0.2435,5.295520000000001,0.0,5.295520000000001,1.0,0.0
14,0.4015,16,0.1258,4.17476,0.0,4.17476,1.0,0.0
14,0.4015,17,0.0462,1.536142,0.0,1.536142,1.0,0.0
14,0.4015,18,0.01696,0.562916,0.0,0.562916,1.0,0.0
14,0.4015,19,0.006235,0.20716,0.0,0.20716,1.0,0.0
14,0.4015,20,0.0022925,0.0759378,0.0,0.0759378,1.0,0.0
14,0.4015,21,0.0008445,0.028042,0.0,0.028042,1.0,0.0
14,0.4015,22,0.0003105,0.01030488,0.0,0.01030488,1.0,0.0
14,0.4015,23,0.0001142,0.00379164,0.0,0.00379164,1.0,0.0
14,0.4015,24,4.2e-05,0.001393142,0.0,0.001393142,1.0,0.0
14,0.4015,25,1.546e-05,0.000512734,0.0,0.000512734,1.0,0.0
14,0.4015,26,5.69e-06,0.0001888642,0.0,0.0001888642,1.0,0.0
14,0.4015,27,2.095e-06,0.000107471,0.0,0.000107471,1.0,0.0
15,0.2435,16,0.1258,9.986123,0.0,9.986123,1.0,0.0
15,0.2435,17,0.0462,3.31816,0.0,3.31816,1.0,0.0
15,0.2435,18,0.01696,1.215888,0.0,1.215888,1.0,0.0
15,0.2435,19,0.006235,0.447454,0.0,0.447454,1.0,0.0
15,0.2435,20,0.0022925,0.1640186,0.0,0.1640186,1.0,0.0
15,0.2435,21,0.0008445,0.0605676,0.0,0.0605676,1.0,0.0
15,0.2435,22,0.0003105,0.0222574,0.0,0.0222574,1.0,0.0
15,0.2435,23,0.0001142,0.0081895,0.0,0.0081895,1.0,0.0
15,0.2435,24,4.2e-05,0.00300902,0.0,0.00300902,1.0,0.0
15,0.2435,25,1.546e-05,0.001107444,0.0,0.001107444,1.0,0.0
15,0.2435,26,5.69e-06,0.000407924,0.0,0.000407924,1.0,0.0
15,0.2435,27,2.095e-06,0.0001979834,0.0,0.0001979834,1.0,0.0
15,0.2435,28,7.72e-07,3.62298e-05,0.0,3.62298e-05,1.0,0.0
16,0.1258,17,0.0462,10.574916,0.0,10.574916,1.0,0.0
16,0.1258,18,0.01696,3.70596,0.0,3.70596,1.0,0.0
16,0.1258,19,0.006235,1.363754,0.0,1.363754,1.0,0.0
16,0.1258,20,0.0022925,0.499888,0.0,0.499888,1.0,0.0
16,0.1258,21,0.0008445,0.1845924,0.0,0.1845924,1.0,0.0
16,0.1258,22,0.0003105,0.0678336,0.0,0.0678336,1.0,0.0
16,0.1258,23,0.0001142,0.024959,0.0,0.024959,1.0,0.0
16,0.1258,24,4.2e-05,0.00917054,0.0,0.00917054,1.0,0.0
16,0.1258,25,1.546e-05,0.00337514,0.0,0.00337514,1.0,0.0
16,0.1258,26,5.69e-06,0.001243224,0.0,0.001243224,1.0,0.0
16,0.1258,27,2.095e-06,0.000456164,0.0,0.000456164,1.0,0.0
16,0.1258,28,7.72e-07,0.000236812,0.0,0.000236812,1.0,0.0
16,0.1258,29,2.83e-07,2.60342e-05,0.0,2.60342e-05,1.0,0.0
17,0.0462,18,0.01696,13.595354,0.0,13.595354,1.0,0.0
17,0.0462,19,0.006235,4.83604,0.0,4.83604,1.0,0.0
17,0.0462,20,0.0022925,1.772654,0.0,1.772654,1.0,0.0
17,0.0462,21,0.0008445,0.654582,0.0,0.654582,1.0,0.0
17,0.0462,22,0.0003105,0.240544,0.0,0.240544,1.0,0.0
17,0.0462,23,0.0001142,0.088507,0.0,0.088507,1.0,0.0
17,0.0462,24,4.2e-05,0.0325196,0.0,0.0325196,1.0,0.0
17,0.0462,25,1.546e-05,0.01196856,0.0,0.01196856,1.0,0.0
17,0.0462,26,5.69e-06,0.00440858,0.0,0.00440858,1.0,0.0
17,0.0462,27,2.095e-06,0.0016176,0.0,0.0016176,1.0,0.0
17,0.0462,28,7.72e-07,0.000600104,0.0,0.000600104,1.0,0.0
17,0.0462,29,2.83e-07,0.000307734,0.0,0.000307734,1.0,0.0
17,0.0462,30,7.60695e-08,3.36714e-05,0.0,3.36714e-05,1.0,0.0
18,0.01696,19,0.006235,15.444192000000001,0.0,15.444192000000001,1.0,0.0
18,0.01696,20,0.0022925,5.49434,0.0,5.49434,1.0,0.0
18,0.01696,21,0.0008445,2.02888,0.0,2.02888,1.0,0.0
18,0.01696,22,0.0003105,0.745568,0.0,0.745568,1.0,0.0
18,0.01696,23,0.0001142,0.274328,0.0,0.274328,1.0,0.0
18,0.01696,24,4.2e-05,0.1007944,0.0,0.1007944,1.0,0.0
18,0.01696,25,1.546e-05,0.0370966,0.0,0.0370966,1.0,0.0
18,0.01696,26,5.69e-06,0.0136644,0.0,0.0136644,1.0,0.0
18,0.01696,27,2.095e-06,0.00501374,0.0,0.00501374,1.0,0.0
18,0.01696,28,7.72e-07,0.001860022,0.0,0.001860022,1.0,0.0
18,0.01696,29,2.83e-07,0.000680622,0.0,0.000680622,1.0,0.0
18,0.01696,30,7.60695e-08,0.000388452,0.0,0.000388452,1.0,0.0
19,0.006235,20,0.0022925,16.231407,0.0,16.231407,1.0,0.0
19,0.006235,21,0.0008445,5.82682,0.0,5.82682,1.0,0.0
19,0.006235,22,0.0003105,2.14122,0.0,2.14122,1.0,0.0
19,0.006235,23,0.0001142,0.787852,0.0,0.787852,1.0,0.0
19,0.006235,24,4.2e-05,0.289476,0.0,0.289476,1.0,0.0
19,0.006235,25,1.546e-05,0.106539,0.0,0.106539,1.0,0.0
19,0.006235,26,5.69e-06,0.0392434,0.0,0.0392434,1.0,0.0
19,0.006235,27,2.095e-06,0.01439918,0.0,0.01439918,1.0,0.0
19,0.006235,28,7.72e-07,0.00534188,0.0,0.00534188,1.0,0.0
19,0.006235,29,2.83e-07,0.001954708,0.0,0.001954708,1.0,0.0
19,0.006235,30,7.60695e-08,0.001127228,0.0,0.001127228,1.0,0.0
20,0.0022925,21,0.0008445,16.61946,0.0,16.61946,1.0,0.0
20,0.0022925,22,0.0003105,5.9404,0.0,5.9404,1.0,0.0
20,0.0022925,23,0.0001142,2.18574,0.0,2.18574,1.0,0.0
20,0.0022925,24,4.2e-05,0.803094,0.0,0.803094,1.0,0.0
20,0.0022925,25,1.546e-05,0.295572,0.0,0.295572,1.0,0.0
20,0.0022925,26,5.69e-06,0.108873,0.0,0.108873,1.0,0.0
20,0.0022925,27,2.095e-06,0.0399478,0.0,0.0399478,1.0,0.0
20,0.0022925,28,7.72e-07,0.01481998,0.0,0.01481998,1.0,0.0
20,0.0022925,29,2.83e-07,0.00542296,0.0,0.00542296,1.0,0.0
20,0.0022925,30,7.60695e-08,0.00313918,0.0,0.00313918,1.0,0.0
21,0.0008445,22,0.0003105,16.718411,0.0,16.718411,1.0,0.0
21,0.0008445,23,0.0001142,5.98454,0.0,5.98454,1.0,0.0
21,0.0008445,24,4.2e-05,2.19886,0.0,2.19886,1.0,0.0
21,0.0008445,25,1.546e-05,0.809272,0.0,0.809272,1.0,0.0
21,0.0008445,26,5.69e-06,0.298094,0.0,0.298094,1.0,0.0
21,0.0008445,27,2.095e-06,0.1093766,0.0,0.1093766,1.0,0.0
21,0.0008445,28,7.72e-07,0.040577,0.0,0.040577,1.0,0.0
21,0.0008445,29,2.83e-07,0.014848,0.0,0.014848,1.0,0.0
21,0.0008445,30,7.60695e-08,0.0086071,0.0,0.0086071,1.0,0.0
22,0.0003105,23,0.0001142,16.783725,0.0,16.783725,1.0,0.0
22,0.0003105,24,4.2e-05,6.00052,0.0,6.00052,1.0,0.0
22,0.0003105,25,1.546e-05,2.20844,0.0,2.20844,1.0,0.0
22,0.0003105,26,5.69e-06,0.813472,0.0,0.813472,1.0,0.0
22,0.0003105,27,2.095e-06,0.298478,0.0,0.298478,1.0,0.0
22,0.0003105,28,7.72e-07,0.110731,0.0,0.110731,1.0,0.0
22,0.0003105,29,2.83e-07,0.040519,0.0,0.040519,1.0,0.0
22,0.0003105,30,7.60695e-08,0.0235002,0.0,0.0235002,1.0,0.0
23,0.0001142,24,4.2e-05,16.787196,0.0,16.787196,1.0,0.0
23,0.0001142,25,1.546e-05,6.0116,0.0,6.0116,1.0,0.0
23,0.0001142,26,5.69e-06,2.21436,0.0,2.21436,1.0,0.0
23,0.0001142,27,2.095e-06,0.812494,0.0,0.812494,1.0,0.0
23,0.0001142,28,7.72e-07,0.301422,0.0,0.301422,1.0,0.0
23,0.0001142,29,2.83e-07,0.110297,0.0,0.110297,1.0,0.0
23,0.0001142,30,7.60695e-08,0.063982,0.0,0.063982,1.0,0.0
24,4.2e-05,25,1.546e-05,16.797628,0.0,16.797628,1.0,0.0
24,4.2e-05,26,5.69e-06,6.02044,0.0,6.02044,1.0,0.0
24,4.2e-05,27,2.095e-06,2.20902,0.0,2.20902,1.0,0.0
24,4.2e-05,28,7.72e-07,0.819512,0.0,0.819512,1.0,0.0
24,4.2e-05,29,2.83e-07,0.299878,0.0,0.299878,1.0,0.0
24,4.2e-05,30,7.60695e-08,0.1739674,0.0,0.1739674,1.0,0.0
25,1.546e-05,26,5.69e-06,16.822568999999998,0.0,16.822568999999998,1.0,0.0
25,1.546e-05,27,2.095e-06,6.00608,0.0,6.00608,1.0,0.0
25,1.546e-05,28,7.72e-07,2.22816,0.0,2.22816,1.0,0.0
25,1.546e-05,29,2.83e-07,0.815334,0.0,0.815334,1.0,0.0
25,1.546e-05,30,7.60695e-08,0.47301,0.0,0.47301,1.0,0.0
26,5.69e-06,27,2.095e-06,16.802142,0.0,16.802142,1.0,0.0
26,5.69e-06,28,7.72e-07,6.06538,0.0,6.06538,1.0,0.0
26,5.69e-06,29,2.83e-07,2.21946,0.0,2.21946,1.0,0.0
26,5.69e-06,30,7.60695e-08,1.287616,0.0,1.287616,1.0,0.0
27,2.095e-06,28,7.72e-07,16.989255,0.0,16.989255,1.0,0.0
27,2.095e-06,29,2.83e-07,6.05044,0.0,6.05044,1.0,0.0
27,2.095e-06,30,7.60695e-08,3.51016,0.0,3.51016,1.0,0.0
28,7.72e-07,29,2.83e-07,17.14138,0.0,17.14138,1.0,0.0
28,7.72e-07,30,7.60695e-08,9.68198,0.0,9.68198,1.0,0.0
29,2.83e-07,30,7.60695e-08,27.853099,0.0,27.853099,1.0,0.0
