density_case,inner_density_ratio,outer_density_ratio,pair,seed,mode,source_cell,response_cell,source_ace_group,source_energy_MeV,response_ace_group,response_energy_MeV,response_tally_group,input,input_sha256,exit_code,average,relative_error,sigma,tally_sha256,stdout_sha256
low_inner_high_outer,0.5,2.0,g14_to_g15,1,forward,1,2,14,0.4015,15,0.2435,16,low_inner_high_outer/g14_to_g15/seed_1/forward/inp,791e53643d6543b9a241dcfd14bf48348cf9125259741611af58f86bfef8d6c9,0,0.19179,0.0049558,0.0009504728819999999,5d87c4f5f16c9d582857f1582ab108c50f159bd4c82525039726bb4c559224f4,3807428fa0b1230b30a2ae2770b724b1b93af9f53ee965ce39df0d60782bff82
low_inner_high_outer,0.5,2.0,g14_to_g15,1,adjoint,2,1,15,0.2435,14,0.4015,17,low_inner_high_outer/g14_to_g15/seed_1/adjoint/inp,3773313c00ad82a5c4ccfacabdc8f4c0ebebc71c1c598ee44a1dbcf07f2d2dd6,0,0.18972,0.0082317,0.0015617181239999999,5be4d6cb295c41eac31c7538f5e4f00dfe83c614bbb903b17f21b5c5d1fe47ff,1e0986b5cac8d39e7f9eb9d658e908087cdb501cf5414f5f1ebbf52f6ac9f376
low_inner_high_outer,0.5,2.0,g14_to_g15,3,forward,1,2,14,0.4015,15,0.2435,16,low_inner_high_outer/g14_to_g15/seed_3/forward/inp,14e4bc579a2b6761ae0bd68d6756dee81d5b6898c50540ce10cd75b4e3a232c6,0,0.19181,0.0049643,0.000952202383,ab161218ec418f97c60eb1dd5d3cc8487172663df6b9a4aed9b835e7ebbee2d7,513bf85ada8bb02d176cf2cd0ddeece34ec0ce6448019d0e5fd268f6c788fef9
low_inner_high_outer,0.5,2.0,g14_to_g15,3,adjoint,2,1,15,0.2435,14,0.4015,17,low_inner_high_outer/g14_to_g15/seed_3/adjoint/inp,26f4937391519ecf5e67fed3f1873e5861d21cb54265115e45cc39191de2c5c9,0,0.19116,0.0082111,0.0015696338760000002,520d0ddabab3cf3f2a74b70e064454c7d784f48d63ec91905541ff8711f46896,1922dbce4f53e632cef4953cf599b0d37d507244fa729a9d7aa4d200883bda52
low_inner_high_outer,0.5,2.0,g14_to_g15,5,forward,1,2,14,0.4015,15,0.2435,16,low_inner_high_outer/g14_to_g15/seed_5/forward/inp,3a06dea194a6aff9ec711f768c75ac2f25317f7e5abbf97238ee6f0b6e54d882,0,0.19143,0.0050008,0.0009573031439999999,5de8ff968d464f8241eeab25b19c293fb3a8d0bb8c09c7c795ced79ec6bbc60b,5c9aa3c19b69e86a93a147434a75370c240a17154b1042b77c56cc645e3dd6e2
low_inner_high_outer,0.5,2.0,g14_to_g15,5,adjoint,2,1,15,0.2435,14,0.4015,17,low_inner_high_outer/g14_to_g15/seed_5/adjoint/inp,8a8d506adf9610aea1f0024e7a3b20053a76cc254fa389c7df577ef0c64bc04d,0,0.19274,0.0081774,0.0015761120759999999,2d0edee22fb090d0e5a600d2a135a33940f7790987470af3512ea5c3934716de,34d58cd22aa839562fe5bbafa1f0f51c7fd099a7348479bf1c9746b772df2876
low_inner_high_outer,0.5,2.0,g14_to_g15,7,forward,1,2,14,0.4015,15,0.2435,16,low_inner_high_outer/g14_to_g15/seed_7/forward/inp,051366c93eb7f4e86469be599bce4be2ca4988c1434af3e4fce6b511cef8b703,0,0.19076,0.0049771,0.000949431596,b71e49795a878f3ae2c9a8ab73bbb03223cd2ce25bad3e6b42d16d066f13954a,340033a34516787059be8445ee5845b75e5ad775447f5a7a16bacd6eb9fbbd95
low_inner_high_outer,0.5,2.0,g14_to_g15,7,adjoint,2,1,15,0.2435,14,0.4015,17,low_inner_high_outer/g14_to_g15/seed_7/adjoint/inp,a87c7500a06ae109359d293766fd65728992569ea57b2dab4d1f234060292656,0,0.19195,0.0082088,0.0015756791600000002,fd14e3e79f2edea3c7428b33453358e6ba01e3ad4a736eabdb66a3665b2932f2,b02e08d7b8a0471723e313fb96d2e040d50fb8b3e7569d8a56a3174c3f12b5e8
low_inner_high_outer,0.5,2.0,g14_to_g15,9,forward,1,2,14,0.4015,15,0.2435,16,low_inner_high_outer/g14_to_g15/seed_9/forward/inp,f56c2d4fbbf336accfe359590767c6096fdde4d1907e2d348a6dbbefce80d2d7,0,0.19184,0.0049807,0.0009554974880000001,e32058c0dab0811cc316ce8c1b154de42aeb21f9d816d5eac80bccf8d7caf88b,1b844144286552b8c2086aca5183d9cc48dd09be38867988f2b3eb3835564770
low_inner_high_outer,0.5,2.0,g14_to_g15,9,adjoint,2,1,15,0.2435,14,0.4015,17,low_inner_high_outer/g14_to_g15/seed_9/adjoint/inp,175981ed277ce018440e19def89d18deab6bc69b86ba82c3f73023b24887a66b,0,0.19048,0.0081777,0.001557688296,a1d276e2b23ac1e60194e05de59e12d926d62e17802578f2e1a7f184894bf026,c6a0a07e5ab12d170b6921694e8c68a843353068e54440d5fc20209f8ee82916
low_inner_high_outer,0.5,2.0,g20_to_g22,1,forward,1,2,20,0.0022925,22,0.0003105,9,low_inner_high_outer/g20_to_g22/seed_1/forward/inp,f62e8b565933b2b895128eb62e9b9c65e702c8bcb76218c32299e90e30b4c5bd,0,0.18746,0.0042637,0.0007992732019999999,bfaaf8f3fda96d82d6cacd60c093fbbdbec1e7177807ee2d82b137da1b732886,3cb44e1299d9f04925851987ba8159ddac065943c8565d940158e9e202f79e59
low_inner_high_outer,0.5,2.0,g20_to_g22,1,adjoint,2,1,22,0.0003105,20,0.0022925,11,low_inner_high_outer/g20_to_g22/seed_1/adjoint/inp,725ba0fd3bbb7fc8f6e12a6d1411bc46401f5c4e2f012e6bced307bb04f708f3,0,0.1875,0.0085369,0.00160066875,d0814ab138fcb1be672c052bd8f8696db5857afa73d816e35f496f91140a0e3f,eb7cbc0072924a49029e7c2a49d595eff48dfd840d3f74e28bf2d4cc13c12649
low_inner_high_outer,0.5,2.0,g20_to_g22,3,forward,1,2,20,0.0022925,22,0.0003105,9,low_inner_high_outer/g20_to_g22/seed_3/forward/inp,91038adebd5234dd8001194b94da2256544af51ed6d43c67a793abd3414182c7,0,0.18838,0.0042502,0.000800652676,d238e89ca0b94208926783918e35c622fee0656be3f1cd8709ec2c33ee0e830f,070475006541f5f1fe1785c577751eafa8f48d9175bb27f54a7f5ae7669c5510
low_inner_high_outer,0.5,2.0,g20_to_g22,3,adjoint,2,1,22,0.0003105,20,0.0022925,11,low_inner_high_outer/g20_to_g22/seed_3/adjoint/inp,dad5f1850e5fa47471914e93505e164bc04ce2e532c658a03d8dfc74cc0646aa,0,0.18673,0.0085556,0.001597587188,68817ceb0a4630d12db539679f42f6cacd8257443a56768c5dd1b78ed03a086b,a07ccb02b1b8a7d0027c3be786cabdc512393972c284be845dfb9d8da4446355
low_inner_high_outer,0.5,2.0,g20_to_g22,5,forward,1,2,20,0.0022925,22,0.0003105,9,low_inner_high_outer/g20_to_g22/seed_5/forward/inp,d7ac7fe92a58e5439442138e0e57af7ab8b5fccffa567f0461cf079892eaad3f,0,0.18914,0.0042518,0.000804185452,6a490a1465dfa50ba34dc973795fc48417f4b5493149256e0a736e92cc97f512,728fc6b0662a2678d8986d0731e16c108e6451d87b2aa0ef04ef6e3d7dca14f3
low_inner_high_outer,0.5,2.0,g20_to_g22,5,adjoint,2,1,22,0.0003105,20,0.0022925,11,low_inner_high_outer/g20_to_g22/seed_5/adjoint/inp,53307a6491e597d86d5ef526b69bf65d1243c4275838a44efac103bafa9e77af,0,0.18788,0.0085037,0.0015976751559999998,4ba2e10c49ea0e6648d6f5b2cc26175aa37961173898adfaf074e6676596d33c,4c9e9dd06cd4b73aed1fbcdd424aaf3cd1cd2816e6cdba7715b76ecbc3707ac3
low_inner_high_outer,0.5,2.0,g20_to_g22,7,forward,1,2,20,0.0022925,22,0.0003105,9,low_inner_high_outer/g20_to_g22/seed_7/forward/inp,3a6a9e6d83a45b5b3101f5d9f901cb16313d73bdb398e891c13f67e4168aa70e,0,0.18775,0.0042695,0.0008015986249999999,03e6f7c2a0a72b35ea53e7924f6bae53d9e519656bf6a22d78251afcae3701f0,76725a6c663e5c794a87a5e5634e00569bd4ba79f2b7ea8e24274d7f7bb9c08f
low_inner_high_outer,0.5,2.0,g20_to_g22,7,adjoint,2,1,22,0.0003105,20,0.0022925,11,low_inner_high_outer/g20_to_g22/seed_7/adjoint/inp,86119b1d7fa6fc55383394fba8523bad15c46f778f3fdda5622e84c1f5c225c8,0,0.18546,0.0085461,0.001584959706,5ba79adf8594d874f62b90184d879746a2ec60fa1e08045ed647f49a9b3d0ef1,384b5cb5a66899da134615cbb5263d66d854568e9ffa427e2e7b55b1411028f5
low_inner_high_outer,0.5,2.0,g20_to_g22,9,forward,1,2,20,0.0022925,22,0.0003105,9,low_inner_high_outer/g20_to_g22/seed_9/forward/inp,3cb904c327a25ddb42d7d61efd9ce8863a71a88c2fcd05be69fea981867e8d78,0,0.18562,0.0042835,0.00079510327,5bb2c83aaf364e1f5fd03472aebf7b33cf98f96a7df6872f3b50c772e2a0ee79,947f9bd0d73763224da76c5d68c63271f336563e648341efc13d42b9b116c6bc
low_inner_high_outer,0.5,2.0,g20_to_g22,9,adjoint,2,1,22,0.0003105,20,0.0022925,11,low_inner_high_outer/g20_to_g22/seed_9/adjoint/inp,3a5b277537a8bd63b294801dc130b145e55e7f20fb36e6d46dc192a9269127f0,0,0.18591,0.0084947,0.0015792496770000001,ce436953018762f4b559714fdeb636e40f001d4591c0c403bc8b5f16d9c76ada,59c67a5e1bc0d3445e95852274b0ae99320274f014b7a78f07115d07d648deaf
high_inner_low_outer,2.0,0.5,g14_to_g15,1,forward,1,2,14,0.4015,15,0.2435,16,high_inner_low_outer/g14_to_g15/seed_1/forward/inp,9b62f10252be31681316667842b8dedb1f764919c9101a5e5b33ef6df71b052f,0,0.093219,0.0087323,0.0008140162736999999,1aeb28255fe3c7b3c3af7ae64e3fb93b735bd8910f08ce2c602bd51124356a50,b22a6157c2a50938fcd7c1ebc8817139ac850dbcc2ddfb3d8f32915b6baaa578
high_inner_low_outer,2.0,0.5,g14_to_g15,1,adjoint,2,1,15,0.2435,14,0.4015,17,high_inner_low_outer/g14_to_g15/seed_1/adjoint/inp,a267b8edd2dfe1181fb83bb813fbbc0c0a8997bea514472b17893d6ccbd6ac5f,0,0.093009,0.0078411,0.0007292928699,19b5672b54f4fa9926f744e1998d41835ec1391ace5c9db6d2caa76872759045,7f2f363bf08a0e7e629faa5ce183f93bf9a09d96d3b97f499569fc0a8df72034
high_inner_low_outer,2.0,0.5,g14_to_g15,3,forward,1,2,14,0.4015,15,0.2435,16,high_inner_low_outer/g14_to_g15/seed_3/forward/inp,17c9b0265ec2167b44dfba8fc9914dcc4fb68ca7196608eeec441bfdfe2280b2,0,0.093115,0.0087351,0.0008133688365000001,b53689a3ba300fb5f9b4b926b56dff172952c425a3a308d1d0567362b6454372,d13330a33b34de32dde825a7264b025e64af0e88f67f815055155ce69467b458
high_inner_low_outer,2.0,0.5,g14_to_g15,3,adjoint,2,1,15,0.2435,14,0.4015,17,high_inner_low_outer/g14_to_g15/seed_3/adjoint/inp,ed3850d9a9937897fde9245d0307460fb64ffbd608a39fe7dfb19ff9cf7e4ec3,0,0.09317,0.0078083,0.000727499311,14a6a8ee0003883e0a373ffa1bc9a91e7ba37e06bd57a7639923f93e0406a29f,16f7eceb45ada70b02e34175c63af71228ff8241d53fe87767d1bff885e37dae
high_inner_low_outer,2.0,0.5,g14_to_g15,5,forward,1,2,14,0.4015,15,0.2435,16,high_inner_low_outer/g14_to_g15/seed_5/forward/inp,520226788efd65c332786137fa2c5c277dfef836625526f1259234c011457cfe,0,0.093726,0.0087126,0.0008165971476,bb87e8f3d764d6bd658fb441dcc60e58fcc2b9bd5b1df8345a6e5cdf696bbaff,9c238f88660f577e8099b4d317250a4c92b3813dfedabd5fbe9e9d4ad45dd079
high_inner_low_outer,2.0,0.5,g14_to_g15,5,adjoint,2,1,15,0.2435,14,0.4015,17,high_inner_low_outer/g14_to_g15/seed_5/adjoint/inp,560fef568c3da921c363dab89efdf2d00d7f86e7443c2c7ed9e39506eef2ef72,0,0.093686,0.0077885,0.0007296734110000001,8253fb4d511984be80f933f888a754c12d99731182b0ed0a479e26e220d6ccc5,6a908a6f809ce00ac51a367809a54de572b1c30d815461ef8618984afc451251
high_inner_low_outer,2.0,0.5,g14_to_g15,7,forward,1,2,14,0.4015,15,0.2435,16,high_inner_low_outer/g14_to_g15/seed_7/forward/inp,fee0811b33f5b16b41c4ce41b3b0fcf22c3158523e1bd715aaf193a60ca8285e,0,0.092842,0.0087498,0.0008123489316,499fb774b4f64b178bb72deee8c438fc03a244369bda80061b60f805f9730f17,0372a1edf96da368422e83ad83b321c6367af265a8b1efbd7e9de89e63971195
high_inner_low_outer,2.0,0.5,g14_to_g15,7,adjoint,2,1,15,0.2435,14,0.4015,17,high_inner_low_outer/g14_to_g15/seed_7/adjoint/inp,6db0dbd08d029806cd8e3069ab95d584a1af2f2c883d8fa9004a9c034e331a38,0,0.092776,0.0078318,0.0007266030768,5f62c2092b345157aca46aaa4afe991257b64458272d0f7c96a4ec09bcf711ef,38beeba5bf89989fd55ddcccc2ec06d60493e65c070c41db6d4f172768cde2ef
high_inner_low_outer,2.0,0.5,g14_to_g15,9,forward,1,2,14,0.4015,15,0.2435,16,high_inner_low_outer/g14_to_g15/seed_9/forward/inp,d664f963c9ccada14c0c78f284c4c66ce8900caafb29d6c86c9ce197fb7414d3,0,0.095257,0.0086334,0.0008223917837999998,b09723131b5aedb09ecd1662df660607b30913cce5f99e2d0f4671d44bff73b9,5ed8e3b29f19153db9b34dd6433340f6f773b9d5cd214459f88d185fb517014e
high_inner_low_outer,2.0,0.5,g14_to_g15,9,adjoint,2,1,15,0.2435,14,0.4015,17,high_inner_low_outer/g14_to_g15/seed_9/adjoint/inp,8730dfec686bd8ddc4468232cc583e8bae128b004db8c13b1bc87c1158917879,0,0.093537,0.0077918,0.0007288215965999999,a6147dd9e3ff2402ebe94ede12d3e0578ed792a97dacbc377ce36c58bb77967f,71fc95a392f181481251d73fc0cf38bb830aa11ecd6876d1a3fe1ce3a953be82
high_inner_low_outer,2.0,0.5,g20_to_g22,1,forward,1,2,20,0.0022925,22,0.0003105,9,high_inner_low_outer/g20_to_g22/seed_1/forward/inp,0ea9520d4b1843302cbd76584e21cb6b0e10ff1916e1a497c3be8812d577e05e,0,0.085134,0.0091154,0.0007760304635999999,6bee9e32b03150c49cc6c9ba3a5afe5500f8307c1f05b7bf68cce0a10099a15e,4b048845b017ca1175aea52c96d68c14ca37a0cce80a260fa9326cfe6e99883a
high_inner_low_outer,2.0,0.5,g20_to_g22,1,adjoint,2,1,22,0.0003105,20,0.0022925,11,high_inner_low_outer/g20_to_g22/seed_1/adjoint/inp,d5d69d8345e2bbd9e1169d0f663cc650fa6018c969c6b79d9004e41e0298a603,0,0.0857,0.0071707,0.00061452899,60489facd44487626eb54f20ea7fe08337783184cd73d3fa4b91c6621e9c8f41,225f4b5d3fde9fbefb0d356a748f07d3fafc7b63a5d34bd249f090ad40ea726c
high_inner_low_outer,2.0,0.5,g20_to_g22,3,forward,1,2,20,0.0022925,22,0.0003105,9,high_inner_low_outer/g20_to_g22/seed_3/forward/inp,37ac4df0c85559100c92511b86a63ad39e27dfe999336b47725ab7039a58a6ba,0,0.084862,0.0090975,0.000772032045,5454a8631519ddba2d3025024defb0c299d808d3f5f88a7e9c14212d28fdec8a,5f298540086eccd4e13c6181410491286e5d1268ffb54acb530bb093c8296a83
high_inner_low_outer,2.0,0.5,g20_to_g22,3,adjoint,2,1,22,0.0003105,20,0.0022925,11,high_inner_low_outer/g20_to_g22/seed_3/adjoint/inp,dab52d4f5c34a1e2906ffa9512b30fdbc933180094215184f1fbcea1c43b1c57,0,0.085471,0.0071584,0.0006118356064,a611457b2147a58e52243c3cbf11dd8e0dc9858cb94cdda74d61f58e8775ad79,bb35b9731ab3d7e732724c5449645168dc4e3b6d4f8c8005f65c9e685f49dc2a
high_inner_low_outer,2.0,0.5,g20_to_g22,5,forward,1,2,20,0.0022925,22,0.0003105,9,high_inner_low_outer/g20_to_g22/seed_5/forward/inp,24d8847c5940570358d1f885517417c8560cbeb874149814fb3381b2163ed6b8,0,0.085527,0.0089956,0.0007693666812,6dc77138f60daf85411c5fcced1d4ea4541a8948ac882c37a3246a841686b1a2,e810f5a1e2ec573f80101664dcf1a367b2955eb34e8c0a49d1ab75476f5faf75
high_inner_low_outer,2.0,0.5,g20_to_g22,5,adjoint,2,1,22,0.0003105,20,0.0022925,11,high_inner_low_outer/g20_to_g22/seed_5/adjoint/inp,08df5a1c2bfae541d99cbfe039f4ae41a1ddcaf07afd534df17d6e05949e480f,0,0.085498,0.0071548,0.0006117210904000001,6be29521810a8311e7aad28117181d06824fe3fc8dc95a546906a2fc4d70a2a3,04c4259eb3982062d0913f162956c8bb5484c279d2942c6800d27b3c90f4c4e8
high_inner_low_outer,2.0,0.5,g20_to_g22,7,forward,1,2,20,0.0022925,22,0.0003105,9,high_inner_low_outer/g20_to_g22/seed_7/forward/inp,375351ba1db5e23f9b32e82d1e2787190eeeacf94d58ea2f86916edfd94ccf06,0,0.081939,0.009075,0.0007435964249999999,5056274f9177a99800d010d29616cad9ad436a93a16850c04b591c50f54dd69e,5ce9f6b423360e867ca224f33051e27c41aeeb7683044063820af7e05c24201d
high_inner_low_outer,2.0,0.5,g20_to_g22,7,adjoint,2,1,22,0.0003105,20,0.0022925,11,high_inner_low_outer/g20_to_g22/seed_7/adjoint/inp,b193a536fe8be77bb2c085aa81fb299699e189a92b8881a23ef22fb75092fc1f,0,0.085803,0.007155,0.000613920465,f384045389bb6f98b8e2100d023220d2e2998cdce7d7c4e61c6440a550a6b405,e8c3cc4631ceb909f57eeaefb2830bb46423f0efb2ee2435d9c6923ce144306c
high_inner_low_outer,2.0,0.5,g20_to_g22,9,forward,1,2,20,0.0022925,22,0.0003105,9,high_inner_low_outer/g20_to_g22/seed_9/forward/inp,04f5f71cc8acd62369d19a370ed84868e5a75d9d5443be7a070772d79a7cb0c5,0,0.086022,0.0089539,0.0007702323858000001,cfba60589d074cf25d007b1d32c0b45802825fe872cfad48e13a798e6237ebae,1f92a34353d20fb94d61e14432245f9b872d21f41649cc1c46e1e34d58261e70
high_inner_low_outer,2.0,0.5,g20_to_g22,9,adjoint,2,1,22,0.0003105,20,0.0022925,11,high_inner_low_outer/g20_to_g22/seed_9/adjoint/inp,d065350ceb209976a1aaa74010ce22a0b79312dfb9098929a578638f5fa7fc47,0,0.084722,0.0071671,0.0006072110462000001,937458d99dd61dd06db230c555bc73cc7101cd9997852136ce5dbf3f2f61cae8,50a10c928f06a1d5115c8ebe8999cbe04177bf13ee5161157a22ccd82973fe41
