name,population,seed,normalize,value,re,sigma,total_re
scaling_N50000_seed11,50000,11,1,0.32356,0.01911,0.0061832316,0.014598
scaling_N50000_seed13,50000,13,1,0.32954,0.019064,0.00628235056,0.014621
scaling_N50000_seed17,50000,17,1,0.32768,0.019075,0.006250496000000001,0.014644
scaling_N200000_seed11,200000,11,1,0.32785,0.0095476,0.0031301806599999997,0.0072872
scaling_N200000_seed13,200000,13,1,0.32962,0.0095652,0.003152881224,0.0073048
scaling_N200000_seed17,200000,17,1,0.32855,0.0095242,0.00312917591,0.007281
scaling_N800000_seed11,800000,11,1,0.32901,0.0047681,0.0015687525810000001,0.0036516
scaling_N800000_seed13,800000,13,1,0.32611,0.004777,0.00155782747,0.0036579
scaling_N800000_seed17,800000,17,1,0.32753,0.0047573,0.0015581584689999999,0.0036596
